relative_path,bytes,sha256,under_20mb
00_Main_Manuscript_For_Submission/SQRCD_EQF_main_manuscript.docx,7470943,30644f101d874fbb42005e9cf3ca0116f53d1e4c2471b7c55b5ec99240b0382c,TRUE
00_Main_Manuscript_For_Submission/SQRCD_EQF_main_manuscript.pdf,993087,7b41663a6e33f1554d714d98526898dee5b8a30439776d7d3b274de075f94cde,TRUE
01_PLOS_upload_ready/S1 File. Supplementary Information.pdf,2747527,6e71e89c9588b1f548555596e3ce1983143726a2c8a923450640085a4f34dec6,TRUE
01_PLOS_upload_ready/S2 Data. Core machine-readable outputs.zip,2191557,4348d49d58de7f227e8b0d618f87617add20e89b749198eed5d5cf6a83e70728,TRUE
01_PLOS_upload_ready/S3 Data. De-identified paired assessor ratings.csv,61328,fe46f3e0c20b95465b7b3d0e91466763bd66b069ec47ac115cb23911c904a15c,TRUE
01_PLOS_upload_ready/S4 File. Data and code manifest.csv,2597,88feae0acd85f853df0c422ac9f1cd4e8f06352fac35bd0ea08f063a1c7c994d,TRUE
Data_Availability_Statement.txt,750,824e935dd3f36664a174cce7550bbda8239cb089a8d27708d9bf3fc426d7041a,TRUE
README_PLOS_ONE_submission_package.md,1989,da4b40563bfa956148f303b7fb3fae954a4dec3d5a241946ef48eb3c8db82e80,TRUE
REPRODUCIBILITY.md,1329,08d495ed139ab57ca843e0aea29f1bff71e8a1a205faa37e3a89db72672adcb1,TRUE
