formula_id,formula_name_en,formula_name_zh,primary_n,etcm_n,cross_source_jaccard,etcm_best_jaccard,exact_etcm_records,exact_herb2_records,selected_etcm_source,included_identity_gate,primary_herbs,selected_secondary_herbs
F001,Si-Wu-Tang,四物汤,4,4,1.0,0.6666666666666666,2,1,HERB2:HBFO004372:CPMCP,True,BaiShao|ChuanXiong|DangGui|ShuDiHuang,BaiShao|ChuanXiong|DangGui|ShuDiHuang
F002,Suan-Zao-Ren-Tang,酸枣仁汤,5,5,1.0,0.3333333333333333,1,1,HERB2:HBFO004407:CPMCP,True,ChuanXiong|FuLing|GanCao|SuanZaoRen|ZhiMu,ChuanXiong|FuLing|GanCao|SuanZaoRen|ZhiMu
F003,Gui-Zhi-Tang,桂枝汤,5,5,1.0,0.6,1,1,HERB2:HBFO001821:CPMCP,True,BaiShao|DaZao|GanCao|GuiZhi|ShengJiang,BaiShao|DaZao|GanCao|GuiZhi|ShengJiang
F004,Wen-Dan-Tang,温胆汤,8,8,1.0,0.75,1,1,HERB2:HBFO004725:Catalogue of Ancient Classic Prescriptions,True,BanXia|ChenPi|DaZao|FuLing|GanCao|ShengJiang|ZhiShi|ZhuRu,BanXia|ChenPi|DaZao|FuLing|GanCao|ShengJiang|ZhiShi|ZhuRu
F005,Shen-Ling-Bai-Zhu-San,参苓白术散,11,10,0.9090909090909091,0.0,0,1,HERB2:HBFO000431:Chinese Pharmacopoeia 2020 edition,True,BaiBianDou|BaiZhu|DaZao|FuLing|GanCao|JieGeng|LianZi|RenShen|ShanYao|ShaRen|YiYiRen,BaiBianDou|BaiZhu|FuLing|GanCao|JieGeng|LianZi|RenShen|ShanYao|ShaRen|YiYiRen
F006,Sheng-Mai-San,生脉散,3,3,1.0,0.75,1,1,HERB2:HBFO004117:CPMCP,False,MaiDong|RenShen|WuWeiZi,MaiDong|RenShen|WuWeiZi
F007,Xue-Fu-Zhu-Yu-Tang,血府逐瘀汤,11,11,1.0,1.0,1,1,HERB2:HBFO005431:CPMCP,True,ChaiHu|ChiShao|ChuanXiong|DangGui|GanCao|HongHua|JieGeng|NiuXi|ShengDiHuang|TaoRen|ZhiKe,ChaiHu|ChiShao|ChuanXiong|DangGui|GanCao|HongHua|JieGeng|NiuXi|ShengDiHuang|TaoRen|ZhiKe
F008,Si-Jun-Zi-Tang,四君子汤,6,4,0.42857142857142855,0.6666666666666666,1,1,HERB2:HBFO004350:ETCM,False,BaiZhu|DaZao|FuLing|GanCao|RenShen|ShengJiang,BaiZhu|DangShen|FuLing|GanCao
F009,Xiao-Chai-Hu-Tang,小柴胡汤,7,7,1.0,0.625,1,1,HERB2:HBFO005069:CPMCP,True,BanXia|ChaiHu|DaZao|GanCao|HuangQin|RenShen|ShengJiang,BanXia|ChaiHu|DaZao|GanCao|HuangQin|RenShen|ShengJiang
F010,Bu-Zhong-Yi-Qi-Tang,补中益气汤,10,8,0.8,0.6666666666666666,1,1,HERB2:HBFO000403:CPMCP,True,BaiZhu|ChaiHu|ChenPi|DangGui|DaZao|GanCao|HuangQi|RenShen|ShengJiang|ShengMa,BaiZhu|ChaiHu|ChenPi|DangGui|GanCao|HuangQi|RenShen|ShengMa
F011,Chai-Hu-Shu-Gan-Tang,柴胡疏肝汤,7,0,0.0,0.0,0,0,no_exact_HERB2_record,False,BaiShao|ChaiHu|ChenPi|ChuanXiong|GanCao|XiangFu|ZhiKe,
F012,Du-Huo-Ji-Sheng-Tang,独活寄生汤,15,15,1.0,0.5625,1,1,HERB2:HBFO000962:CPMCP,True,BaiShao|ChuanXiong|DangGui|DuHuo|DuZhong|FangFeng|FuLing|GanCao|NiuXi|QinJiao|RenShen|RouGui|SangJiSheng|ShengDiHuang|XiXin,BaiShao|ChuanXiong|DangGui|DuHuo|DuZhong|FangFeng|FuLing|GanCao|NiuXi|QinJiao|RenShen|RouGui|SangJiSheng|ShengDiHuang|XiXin
F013,Liu-Wei-Di-Huang-Wan,六味地黄丸,6,6,1.0,0.75,1,2,HERB2:HBFO002946:Chinese Pharmacopoeia 2020 edition,True,FuLing|MuDanPi|ShanYao|ShanZhuYu|ShuDiHuang|ZeXie,FuLing|MuDanPi|ShanYao|ShanZhuYu|ShuDiHuang|ZeXie
F014,Ban-Xia-Xie-Xin-Tang,半夏泻心汤,7,7,0.75,1.0,1,1,HERB2:HBFO000212:Catalogue of Ancient Classic Prescriptions,False,BanXia|DaZao|GanCao|GanJiang|HuangLian|HuangQin|RenShen,BanXia|DangShen|DaZao|GanCao|GanJiang|HuangLian|HuangQin
F015,Bao-He-Wan,保和丸,7,8,0.875,0.3,2,2,HERB2:HBFO000240:Chinese Pharmacopoeia 2020 edition,True,BanXia|ChenPi|FuLing|LaiFuZi|LianQiao|ShanZha|ShenQu,BanXia|ChenPi|FuLing|LaiFuZi|LianQiao|MaiYa|ShanZha|ShenQu
F016,Xiang-Sha-Liu-Jun-Zi-Tang,香砂六君子汤,9,7,0.7777777777777778,0.5454545454545454,1,1,HERB2:HBFO004936:CPMCP,False,BaiZhu|BanXia|ChenPi|FuLing|GanCao|MuXiang|RenShen|ShaRen|ShengJiang,BaiZhu|BanXia|ChenPi|GanCao|MuXiang|RenShen|ShaRen
F017,Wu-Ling-San,五苓散,5,5,0.6666666666666666,0.2727272727272727,2,1,HERB2:HBFO004818:Chinese Pharmacopoeia 2020 edition,False,BaiZhu|FuLing|GuiZhi|ZeXie|ZhuLing,BaiZhu|FuLing|RouGui|ZeXie|ZhuLing
F018,Yi-Guan-Jian,一贯煎,6,6,1.0,0.5,1,1,HERB2:HBFO005577:Catalogue of Ancient Classic Prescriptions,True,BeiShaShen|ChuanLianZi|DangGui|GouQiZi|MaiDong|ShengDiHuang,BeiShaShen|ChuanLianZi|DangGui|GouQiZi|MaiDong|ShengDiHuang
F019,Tian-Wang-Bu-Xin-Dan,天王补心丹,13,14,0.8,0.45,1,1,HERB2:HBFO004484:CPMCP,True,BaiZiRen|DangGui|DanShen|FuLing|JieGeng|MaiDong|RenShen|ShuDiHuang|SuanZaoRen|TianMenDong|WuWeiZi|XuanShen|YuanZhi,BaiZiRen|DangGui|DanShen|FuLing|JieGeng|MaiDong|RenShen|ShengDiHuang|SuanZaoRen|TianMenDong|WuWeiZi|XuanShen|YuanZhi|ZhuShaFen
F020,Yang-Xin-Tang,养心汤,14,12,0.8571428571428571,0.625,2,1,HERB2:HBFO005514:CPMCP,True,BaiZiRen|BanXia|ChuanXiong|DangGui|DaZao|FuLing|GanCao|HuangQi|RenShen|RouGui|ShengJiang|SuanZaoRen|WuWeiZi|YuanZhi,BaiZiRen|BanXia|ChuanXiong|DangGui|FuLing|GanCao|HuangQi|RenShen|RouGui|SuanZaoRen|WuWeiZi|YuanZhi
F000,SQRCD,参芪润肠方,16,16,1.0,1.0,0,0,investigator_locked_SQRCD,True,BaiDouKou|BaiShao|BaiZhu|BaiZiRen|BanXia|BeiShaShen|ChaiHu|ChenPi|FuLing|GanCao|HuangQi|NanShaShen|XingRen|YiYiRen|YuLiRen|ZhiKe,BaiDouKou|BaiShao|BaiZhu|BaiZiRen|BanXia|BeiShaShen|ChaiHu|ChenPi|FuLing|GanCao|HuangQi|NanShaShen|XingRen|YiYiRen|YuLiRen|ZhiKe
